Algorithm,Training_Time,Final_Reward,Total_Episodes
LLM+MADDPG,,,
MADDPG,340.39609813690186,2599.004335673564,1000.0
LLM,63.21189045906067,-9026.872439314164,1000.0
